,E_CRE,E_NCRE,E_NCR,E_CR
E_CRE,1.0,0.9209799939188085,0.7655162250810247,0.9224251033826876
E_NCRE,0.9209799939188085,1.0,0.7086622535717068,0.9233858071716428
E_NCR,0.7655162250810247,0.7086622535717068,1.0,0.8573145238264456
E_CR,0.9224251033826876,0.9233858071716428,0.8573145238264456,1.0
